trace_name,split,label
B933.PB_20141125091226_EV,train,earthquake
OHAK.AT_20120622085530_EV,train,earthquake
B081.PB_20130622211612_EV,train,earthquake
AAM1.ZQ_20090227005644_EV,train,earthquake
RYN.NN_20150923035049_EV,train,earthquake
SKN.AK_20120930185924_EV,train,earthquake
HEL.SN_20160101064615_EV,train,earthquake
MSC.CI_20130701033646_EV,train,earthquake
CRY.AZ_20151020090149_EV,train,earthquake
EMU.UU_20151006132718_EV,train,earthquake
B917.PB_20110129210342_EV,train,earthquake
B918.PB_20141211174449_EV,train,earthquake
RRX.CI_20140422100004_EV,train,earthquake
PNT.NN_20180715112215_EV,train,earthquake
GDXB.NC_20150107051807_EV,train,earthquake
BOR.CI_20100615063351_EV,train,earthquake
B093.PB_20101126234314_EV,train,earthquake
BOR.CI_20130901071632_EV,train,earthquake
O03E.TA_20150619181444_EV,train,earthquake
AHUD.HV_20170630150127_EV,train,earthquake
MPK.NN_20150803004807_EV,train,earthquake
CRG.CI_20160802051050_EV,train,earthquake
PFO.AZ_20130909190340_EV,train,earthquake
BZN.AZ_20171019232902_EV,train,earthquake
CCB.AK_20120228012613_EV,train,earthquake
CLC.CI_20150825120503_EV,train,earthquake
B916.PB_20130905142043_EV,train,earthquake
SGR.SN_20151119095424_EV,train,earthquake
KAN08.GS_20160904114424_EV,train,earthquake
ISLE.AK_20180313214754_EV,train,earthquake
KNK.AK_20110710060852_EV,train,earthquake
B093.PB_20130326184620_EV,train,earthquake
TYM.SN_20170612115052_EV,train,earthquake
KVN.NN_20170216013943_EV,train,earthquake
PAH.NN_20140131083152_EV,train,earthquake
DSP.NN_20180204223123_EV,train,earthquake
GDXB.NC_20110608173447_EV,train,earthquake
YHH.WY_20160915211642_EV,train,earthquake
WAT7.AK_20180610134204_EV,train,earthquake
BAR.CI_20121227143751_EV,train,earthquake
B082.PB_20120316061231_EV,train,earthquake
BLA2.CI_20180801003658_EV,train,earthquake
OMMB.NN_20140413011610_EV,train,earthquake
BBR.CI_20180324200847_EV,train,earthquake
B082.PB_20150116213733_EV,train,earthquake
B082.PB_20171109034513_EV,train,earthquake
ROTZ.BW_20081010111841_EV,train,earthquake
VRUT.UU_20160124024822_EV,train,earthquake
B093.PB_20130317115500_EV,train,earthquake
GDXB.NC_20120304210532_EV,train,earthquake
B086.PB_20080609181940_EV,train,earthquake
J04D.TA_20140307133553_EV,train,earthquake
WVA.NN_20140128162735_EV,train,earthquake
DESD.HV_20170202193445_EV,train,earthquake
AKH.GO_20120805010911_EV,train,earthquake
VRDI.AK_20180318081426_EV,train,earthquake
SWD.AK_20120218025112_EV,train,earthquake
B065.PB_20140216233820_EV,train,earthquake
B921.PB_20150512212605_EV,train,earthquake
CBR.NC_20180214103610_EV,train,earthquake
B918.PB_20140109140954_EV,train,earthquake
B082.PB_20150805182235_EV,train,earthquake
MRBL.UW_20160330013027_EV,train,earthquake
B087.PB_20160718141729_EV,train,earthquake
B084.PB_20110825152430_EV,train,earthquake
SCZ.BK_20141231201103_EV,train,earthquake
POB2.CI_20150912180248_EV,train,earthquake
B081.PB_20140429165920_EV,train,earthquake
MONP2.AZ_20150901033552_EV,train,earthquake
RDSO.AV_20171217201237_EV,train,earthquake
SNZO.IU_20030216072632_EV,train,earthquake
DANT.BK_20170818044814_EV,train,earthquake
RC01.AK_20120523093603_EV,train,earthquake
CNP.AK_20170418003344_EV,train,earthquake
B084.PB_20140406232459_EV,train,earthquake
N12A.TA_20080301040521_EV,train,earthquake
B046.PB_20150416060812_EV,train,earthquake
KAN08.GS_20151010145449_EV,train,earthquake
GO02.C_20130720020640_EV,train,earthquake
BOR.CI_20160621141938_EV,train,earthquake
RYN.NN_20111121094321_EV,train,earthquake
GDXB.NC_20150430060418_EV,train,earthquake
RC01.AK_20041001124022_EV,train,earthquake
GDXB.NC_20120407130714_EV,train,earthquake
B082.PB_20110628143803_EV,train,earthquake
GOAT.AK_20131031025638_EV,train,earthquake
LHV.NN_20170329092227_EV,train,earthquake
GDXB.NC_20120118205631_EV,train,earthquake
VA03.C1_20140607135553_EV,train,earthquake
MOD.BK_20150226180459_EV,train,earthquake
ARSB.KR_20121030011032_EV,train,earthquake
B084.PB_20110709011037_EV,train,earthquake
B944.PB_20170917053412_EV,train,earthquake
GHO.AK_20111010113744_EV,train,earthquake
CCRT.ET_20080522144132_EV,train,earthquake
SHP.NN_20040303052252_EV,train,earthquake
KAN11.GS_20150224043205_EV,train,earthquake
KAN09.GS_20150412074733_EV,train,earthquake
KNK.AK_20170116035619_EV,train,earthquake
GDXB.NC_20110726201005_EV,train,earthquake
B049.PB_20101027200442_EV,train,earthquake
IMP.CI_20151209110245_EV,train,earthquake
MLOD.HV_20180706055524_EV,train,earthquake
HIN.AK_20120725171201_EV,train,earthquake
SVW2.AT_20130903234102_EV,train,earthquake
GDXB.NC_20110604180022_EV,train,earthquake
COLR.NN_20151229144011_EV,train,earthquake
WAT7.AK_20161218174508_EV,train,earthquake
GDXB.NC_20110830074307_EV,train,earthquake
LHV.NN_20161220121054_EV,train,earthquake
G24K.TA_20170704180544_EV,train,earthquake
SSN.AK_20171011000019_EV,train,earthquake
B086.PB_20150603060617_EV,train,earthquake
GDXB.NC_20110611035451_EV,train,earthquake
STLK.AV_20180110085720_EV,train,earthquake
MKAR.KZ_20030224233421_EV,train,earthquake
B082.PB_20140915211133_EV,train,earthquake
GDXB.NC_20180426192250_EV,train,earthquake
IP03.YC_20111025053820_EV,train,earthquake
LCG.CI_20180403041938_EV,train,earthquake
UNV.AK_20160228210817_EV,train,earthquake
YHB.WY_20131019000606_EV,train,earthquake
RC01.AK_20170113121839_EV,train,earthquake
N25K.TA_20170725215002_EV,train,earthquake
M20K.TA_20171027163317_EV,train,earthquake
PIO.NN_20180721172132_EV,train,earthquake
CWC.CI_20111124052233_EV,train,earthquake
VA03.C1_20141106214605_EV,train,earthquake
PIN.AK_20180303063237_EV,train,earthquake
B075.PB_20170511132151_EV,train,earthquake
B082.PB_20130913022407_EV,train,earthquake
POKR.TA_20171029062748_EV,train,earthquake
MPK.NN_20170628131957_EV,train,earthquake
CAST.AK_20171208043908_EV,train,earthquake
SPDD.HV_20160801234643_EV,train,earthquake
MPU.UU_20170102201051_EV,train,earthquake
B084.PB_20130325174606_EV,train,earthquake
CRY.AZ_20160425033501_EV,train,earthquake
B921.PB_20111019195006_EV,train,earthquake
N13A.TA_20080506074350_EV,train,earthquake
PAH.NN_20120628002853_EV,train,earthquake
BRSE.AK_20170112054710_EV,train,earthquake
SSN.AK_20170412221013_EV,train,earthquake
B918.PB_20151017232510_EV,train,earthquake
AAM2.ZQ_20070207120000_EV,train,earthquake
B084.PB_20150708182455_EV,train,earthquake
SCM.AK_20161217131246_EV,train,earthquake
DIV.AK_20170109132226_EV,train,earthquake
TAFP.AV_20170510174050_EV,train,earthquake
B065.PB_20160625223255_EV,train,earthquake
B084.PB_20131217065543_EV,train,earthquake
SAW.AK_20120520225050_EV,train,earthquake
LYP.CI_20170423175525_EV,train,earthquake
D05A.TA_20070905152552_EV,train,earthquake
OMMB.NN_20141117115554_EV,train,earthquake
STCD.HV_20151228050439_EV,train,earthquake
RDM.AZ_20131015073322_EV,train,earthquake
TRF.AK_20120125051352_EV,train,earthquake
B006.PB_20130727232403_EV,train,earthquake
KIV.II_20001114055016_EV,train,earthquake
B087.PB_20080812014519_EV,train,earthquake
HUMO.BK_20150407145514_EV,train,earthquake
HORT.HT_20130727031716_EV,train,earthquake
B081.PB_20130923094959_EV,train,earthquake
GRIN.AK_20180503055551_EV,train,earthquake
MTTG.IV_20090205145017_EV,train,earthquake
SPCN.AV_20180310054658_EV,train,earthquake
B082.PB_20140108085618_EV,train,earthquake
WAK.NN_20170721194012_EV,train,earthquake
GDXB.NC_20151205081029_EV,train,earthquake
CROK.OK_20150417083721_EV,train,earthquake
M20K.TA_20170702194501_EV,train,earthquake
GMA.CI_20180508122010_EV,train,earthquake
GC02.OK_20150405053745_EV,train,earthquake
SPCG.AV_20111106105943_EV,train,earthquake
B082.PB_20110807000101_EV,train,earthquake
GDXB.NC_20140511032238_EV,train,earthquake
CCOB.NC_20120715132335_EV,train,earthquake
B082.PB_20151117201322_EV,train,earthquake
G31M.TA_20180531191225_EV,train,earthquake
B087.PB_20130604212438_EV,train,earthquake
N20K.TA_20180109141528_EV,train,earthquake
B082.PB_20171226034117_EV,train,earthquake
BARN.AK_20170921172514_EV,train,earthquake
NIKH.AK_20110914050512_EV,train,earthquake
BHU.UU_20160303082240_EV,train,earthquake
SAO.BK_20121013123643_EV,train,earthquake
SCZ.BK_20160119033655_EV,train,earthquake
GHO.AK_20120414160925_EV,train,earthquake
GHO.AK_20180616052921_EV,train,earthquake
COLR.NN_20150930084819_EV,train,earthquake
GDXB.NC_20170607221743_EV,train,earthquake
B916.PB_20121111065212_EV,train,earthquake
CUT.AK_20180711112131_EV,train,earthquake
GDXB.NC_20150110161907_EV,train,earthquake
MWC.CI_20140401183042_EV,train,earthquake
CAST.AK_20120705075550_EV,train,earthquake
B202.PB_20170105180906_EV,train,earthquake
MNRC.BK_20130329075350_EV,train,earthquake
ARCI.YI_20060526002649_EV,train,earthquake
SAW.AK_20120422104349_EV,train,earthquake
R18K.TA_20171214021231_EV,train,earthquake
JRC2.CI_20130225165611_EV,train,earthquake
B207.PB_20141105045145_EV,train,earthquake
B084.PB_20150611182608_EV,train,earthquake
GHO.AK_20180208172947_EV,train,earthquake
B075.PB_20170721115200_EV,train,earthquake
B086.PB_20180226213443_EV,train,earthquake
GDXB.NC_20130612234640_EV,train,earthquake
CHUM.AK_20121230171828_EV,train,earthquake
GDXB.NC_20130526073806_EV,train,earthquake
RYN.NN_20170102151140_EV,train,earthquake
STLK.AV_20180420205721_EV,train,earthquake
BRPU.UU_20170407030223_EV,train,earthquake
PALM.CC_20160916055404_EV,train,earthquake
MLY.AK_20120601113858_EV,train,earthquake
B045.PB_20130815072854_EV,train,earthquake
PNT.NN_20140623054853_EV,train,earthquake
RDSO.AV_20171127150753_EV,train,earthquake
B081.PB_20140628110601_EV,train,earthquake
AIND.HV_20161029233828_EV,train,earthquake
CRY.AZ_20180730063329_EV,train,earthquake
QUOK.OK_20150110042610_EV,train,earthquake
CELP.PR_20180328221710_EV,train,earthquake
BJOB.NC_20130130152629_EV,train,earthquake
B202.PB_20071106234425_EV,train,earthquake
B918.PB_20111228013041_EV,train,earthquake
KTH.AK_20171121152952_EV,train,earthquake
STC.SN_20140110055109_EV,train,earthquake
BLA.CI_20080525234709_EV,train,earthquake
B082.PB_20140901224050_EV,train,earthquake
PMD.CI_20160714145817_EV,train,earthquake
TRF.AK_20120410174614_EV,train,earthquake
GDXB.NC_20180120040839_EV,train,earthquake
TIM.SN_20140509134143_EV,train,earthquake
GDXB.NC_20110105180239_EV,train,earthquake
B082.PB_20110831041215_EV,train,earthquake
BJOB.NC_20160915110517_EV,train,earthquake
B076.PB_20140621184000_EV,train,earthquake
GDXB.NC_20160329081252_EV,train,earthquake
CCUT.UU_20141110085023_EV,train,earthquake
CCB.AK_20110604042001_EV,train,earthquake
BCRT.ET_20170824191831_EV,train,earthquake
N02C.TA_20071021133612_EV,train,earthquake
SSN.AK_20170828031329_EV,train,earthquake
BOR.CI_20111206002246_EV,train,earthquake
P19K.TA_20180327215912_EV,train,earthquake
GDXB.NC_20101124012001_EV,train,earthquake
CTU.UU_20170219123822_EV,train,earthquake
AAM2.ZQ_20090405040632_EV,train,earthquake
CUT.AK_20171018044336_EV,validation,earthquake
LAKA.HA_20080725055740_EV,validation,earthquake
B076.PB_20140211050114_EV,validation,earthquake
B078.PB_20170704163129_EV,validation,earthquake
D27M.TA_20180812183117_EV,validation,earthquake
SAL.CI_20100526103234_EV,validation,earthquake
OMMB.NN_20150101220220_EV,validation,earthquake
GDXB.NC_20130108173135_EV,validation,earthquake
B093.PB_20130327194814_EV,validation,earthquake
JRC2.CI_20161002052126_EV,validation,earthquake
B047.PB_20140803121118_EV,validation,earthquake
SCZ.BK_20170406060219_EV,validation,earthquake
CACT.NM_20180801090356_EV,validation,earthquake
BAR.CI_20161231212444_EV,validation,earthquake
GDXB.NC_20170414083221_EV,validation,earthquake
BRLK.AK_20120412062345_EV,validation,earthquake
B084.PB_20110710075525_EV,validation,earthquake
KAN10.GS_20141007130554_EV,validation,earthquake
DSP.NN_20171108033119_EV,validation,earthquake
BOR.CI_20140603192858_EV,validation,earthquake
CLES.AV_20150728130012_EV,validation,earthquake
B081.PB_20131223043959_EV,validation,earthquake
AGOR.NI_20111103122147_EV,validation,earthquake
SFX.BC_20150224071858_EV,validation,earthquake
B082.PB_20171002054652_EV,validation,earthquake
TCOL.TA_20150117092455_EV,validation,earthquake
HLPD.HV_20150619201859_EV,validation,earthquake
B087.PB_20110815015954_EV,validation,earthquake
ANGG.DK_20150118040228_EV,validation,earthquake
ERIK.KO_20131019160759_EV,validation,earthquake
KLU.AK_20170916063703_EV,validation,earthquake
ID05.GS_20170916073448_EV,validation,earthquake
DIV.AK_20170823055045_EV,validation,earthquake
RSDD.HV_20160119213857_EV,validation,earthquake
GDXB.NC_20140726204958_EV,validation,earthquake
BJOB.NC_20171208195256_EV,validation,earthquake
B065.PB_20110914211320_EV,validation,earthquake
GDXB.NC_20140618030822_EV,validation,earthquake
B943.PB_20141127172226_EV,validation,earthquake
RDT.AV_20180317210223_EV,validation,earthquake
M22K.TA_20170927140026_EV,validation,earthquake
MNAT.AV_20150223115750_EV,validation,earthquake
AKUT.AT_20140221184730_EV,validation,earthquake
B093.PB_20110506113832_EV,validation,earthquake
WCN.NN_20080428202857_EV,validation,earthquake
PPLA.AK_20171221101315_EV,validation,earthquake
GDXB.NC_20150908214439_EV,validation,earthquake
KNW.AZ_20150906193113_EV,validation,earthquake
B093.PB_20111104230707_EV,validation,earthquake
B087.PB_20171130051809_EV,validation,earthquake
WRH.AK_20180324184558_EV,test,earthquake
B202.PB_20140917015423_EV,test,earthquake
B917.PB_20101207031717_EV,test,earthquake
ARG.HL_20100530173032_EV,test,earthquake
BOR.CI_20130720125300_EV,test,earthquake
SMG.HL_20110927135923_EV,test,earthquake
BAR.CI_20120826172223_EV,test,earthquake
GDXB.NC_20070213033241_EV,test,earthquake
G18K.TA_20180608233015_EV,test,earthquake
B013.PB_20110327193718_EV,test,earthquake
GO02.C_20150303021030_EV,test,earthquake
GDXB.NC_20130228093504_EV,test,earthquake
DESD.HV_20160507045559_EV,test,earthquake
OMMB.NN_20140522042654_EV,test,earthquake
KALE.HA_20140529060023_EV,test,earthquake
B082.PB_20101007220529_EV,test,earthquake
Q17K.TA_20171213031739_EV,test,earthquake
GZU.UU_20141111022540_EV,test,earthquake
B943.PB_20120826230614_EV,test,earthquake
OK032.GS_20160410024404_EV,test,earthquake
B081.PB_20150410021710_EV,test,earthquake
KAN08.GS_20150629194620_EV,test,earthquake
KAN06.GS_20171012064804_EV,test,earthquake
PNL.AK_20140225202456_EV,test,earthquake
TKL.IM_20160725060633_EV,test,earthquake
LHV.NN_20180316021530_EV,test,earthquake
GDXB.NC_20131010092240_EV,test,earthquake
TWP.SN_20160304063203_EV,test,earthquake
B086.PB_20120807013512_EV,test,earthquake
BMN.LB_20160827070616_EV,test,earthquake
B918.PB_20180125025638_EV,test,earthquake
B081.PB_20070630063953_EV,test,earthquake
B084.PB_20130329040917_EV,test,earthquake
B082.PB_20130701075917_EV,test,earthquake
KDJ.KR_20130131200038_EV,test,earthquake
SQM.UW_20020327133231_EV,test,earthquake
MLY.AK_20170204230756_EV,test,earthquake
B081.PB_20130218162213_EV,test,earthquake
GRNC.AK_20150217130744_EV,test,earthquake
B013.PB_20080712082810_EV,test,earthquake
SPCR.AV_20110921172723_EV,test,earthquake
RC01.AK_20120310015915_EV,test,earthquake
B084.PB_20160718194314_EV,test,earthquake
GDXB.NC_20170516162820_EV,test,earthquake
HOM.AK_20120610143455_EV,test,earthquake
GDXB.NC_20120917073203_EV,test,earthquake
BLOW.UW_20120308060849_EV,test,earthquake
AL5S.SN_20060531231246_EV,test,earthquake
NAHU.HV_20170427122630_EV,test,earthquake
B084.PB_20150721103308_EV,test,earthquake
BBGB.NC_20180605020610_EV,test,earthquake
DRE.CI_20080222093254_EV,test,earthquake
KAN14.GS_20141128013358_EV,test,earthquake
DAWY.CN_20180610164702_EV,test,earthquake
W35A.OK_20150116035828_EV,test,earthquake
NIKH.AK_20101112094122_EV,test,earthquake
B081.PB_20131219200949_EV,test,earthquake
HMT2.CI_20160303165223_EV,test,earthquake
B202.PB_20101028201034_EV,test,earthquake
PACP.BK_20120706005642_EV,test,earthquake
B916.PB_20150311114425_EV,test,earthquake
B093.PB_20110727152152_EV,test,earthquake
B018.PB_20130820172422_EV,test,earthquake
B084.PB_20120815155943_EV,test,earthquake
KNK.AK_20120812153438_EV,test,earthquake
B084.PB_20160229231530_EV,test,earthquake
B918.PB_20180724023758_EV,test,earthquake
VAK.BK_20160508114954_EV,test,earthquake
KLU.AK_20180317211722_EV,test,earthquake
LHV.NN_20170106115544_EV,test,earthquake
B093.PB_20130226182249_EV,test,earthquake
SAOF.FR_20131014162652_EV,test,earthquake
BAR.CI_20130103093627_EV,test,earthquake
BPAW.AK_20120608121817_EV,test,earthquake
SLB.CI_20171002054546_EV,test,earthquake
MDM.AK_20150202223540_EV,test,earthquake
B916.PB_20130428044320_EV,test,earthquake
ARG.HL_20040905075056_EV,test,earthquake
TUL1.TA_20150330060626_EV,test,earthquake
KCC.BK_20070825160615_EV,test,earthquake
B082.PB_20070902180633_EV,test,earthquake
BEK.NN_20160919204346_EV,test,earthquake
SLR.CI_20121117174607_EV,test,earthquake
LHV.NN_20170207025422_EV,test,earthquake
COA.CI_20150521002459_EV,test,earthquake
AKUT.AT_20120216032327_EV,test,earthquake
B081.PB_20130330023010_EV,test,earthquake
SGR.SN_20170208013933_EV,test,earthquake
RSDD.HV_20180607232345_EV,test,earthquake
SPCG.AV_20180312203303_EV,test,earthquake
MOKD.HV_20170831083944_EV,test,earthquake
JRC2.CI_20131103211336_EV,test,earthquake
BOBN.AF_20141015131505_EV,test,earthquake
B086.PB_20150628215644_EV,test,earthquake
B087.PB_20160209201724_EV,test,earthquake
B087.PB_20171108125548_EV,test,earthquake
ALEP.HV_20150501212629_EV,test,earthquake
B065.PB_20171023033243_EV,test,earthquake
FRD.AZ_20130517154523_EV,test,earthquake
B086.PB_20150811094601_EV,test,earthquake
B087.PB_20131120095440_EV,test,earthquake
WCN.NN_20080707120535_EV,test,earthquake
B087.PB_20070713010758_EV,test,earthquake
WVA.NN_20140422070714_EV,test,earthquake
GRNC.AK_20171001223245_EV,test,earthquake
TVH2.NN_20110829232037_EV,test,earthquake
GDXB.NC_20170107160611_EV,test,earthquake
KAN16.GS_20160715144039_EV,test,earthquake
I20K.TA_20170905192110_EV,test,earthquake
B201.PB_20150226062053_EV,test,earthquake
HUMP.PR_20170509020816_EV,test,earthquake
B047.PB_20141104024436_EV,test,earthquake
B084.PB_20120323033754_EV,test,earthquake
B084.PB_20110530232121_EV,test,earthquake
B093.PB_20120916102124_EV,test,earthquake
ID05.GS_20171015180933_EV,test,earthquake
B087.PB_20130518182451_EV,test,earthquake
B047.PB_20120521065803_EV,test,earthquake
AHUD.HV_20180720161415_EV,test,earthquake
BZN.AZ_20120525233209_EV,test,earthquake
B084.PB_20150220083256_EV,test,earthquake
SLIT.GE_20090518010623_EV,test,earthquake
TRO.AZ_20141108033606_EV,test,earthquake
HEL.SN_20171202112859_EV,test,earthquake
GDXB.NC_20121027155432_EV,test,earthquake
GLA.CI_20120406052501_EV,test,earthquake
CCB.AK_20120320014521_EV,test,earthquake
B082.PB_20170930052738_EV,test,earthquake
GDXB.NC_20140227154100_EV,test,earthquake
EFP.HP_20090310152240_EV,test,earthquake
BACM.NM_20151125084152_EV,test,earthquake
GDXB.NC_20060528091200_EV,test,earthquake
ANCK.AV_20180405081629_EV,test,earthquake
B081.PB_20150518101101_EV,test,earthquake
MONP2.AZ_20100405194239_EV,test,earthquake
GDXB.NC_20110408074633_EV,test,earthquake
B082.PB_20101130054408_EV,test,earthquake
MOD.BK_20140819013659_EV,test,earthquake
DNR.CI_20140121013317_EV,test,earthquake
UNV.AK_20171227025512_EV,test,earthquake
PAH.NN_20080428052139_EV,test,earthquake
B087.PB_20171023055250_EV,test,earthquake
BEL.CI_20131216224926_EV,test,earthquake
GDXB.NC_20060910144615_EV,test,earthquake
B084.PB_20171023080917_EV,test,earthquake
B084.PB_20070817114919_EV,test,earthquake
B081.PB_20140501115137_EV,test,earthquake
MK31.IM_20100220074935_EV,test,earthquake
FNO.OK_20150419052723_EV,test,earthquake
BJOB.NC_20120405121633_EV,test,earthquake
B207.PB_20170616232824_EV,test,earthquake
RKY.KO_20070407085516_EV,test,earthquake
P19K.TA_20180721154925_EV,test,earthquake
MOKD.HV_20170409081117_EV,test,earthquake
CWC.CI_20180103065202_EV,test,earthquake
B078.PB_20141015061544_EV,test,earthquake
ORV.BK_20130719215652_EV,test,earthquake
NCT.AV_20160313122714_EV,test,earthquake
AFD.NC_20140802232210_EV,test,earthquake
CNCH.SV_20140306175307_EV,test,earthquake
LHV.NN_20171022170718_EV,test,earthquake
SAOF.FR_20130827221541_EV,test,earthquake
B084.PB_20070605085120_EV,test,earthquake
PMR.AT_20110924171803_EV,test,earthquake
B087.PB_20121228043925_EV,test,earthquake
GDXB.NC_20140128081750_EV,test,earthquake
B081.PB_20120804150258_EV,test,earthquake
NCT.AV_20180326012518_EV,test,earthquake
B916.PB_20120810071310_EV,test,earthquake
B081.PB_20121103215741_EV,test,earthquake
ALN.HT_20080511004909_EV,test,earthquake
KAN14.GS_20150118101724_EV,test,earthquake
P19K.TA_20170726082914_EV,test,earthquake
KAN10.GS_20150407212122_EV,test,earthquake
B082.PB_20101027184650_EV,test,earthquake
B081.PB_20130401000140_EV,test,earthquake
GO01.C_20130607223543_EV,test,earthquake
B087.PB_20120808173640_EV,test,earthquake
VCN.NN_20140130151520_EV,test,earthquake
B084.PB_20170129061849_EV,test,earthquake
RXH.CI_20160729185830_EV,test,earthquake
BC3.CI_20160926154244_EV,test,earthquake
B076.PB_20120712051549_EV,test,earthquake
WRH.AK_20110720130332_EV,test,earthquake
GC02.OK_20150422120313_EV,test,earthquake
ALEP.HV_20161128003927_EV,test,earthquake
KTH.AK_20120812140105_EV,test,earthquake
MT02.GS_20171014042115_EV,test,earthquake
GHO.AK_20120726065438_EV,test,earthquake
MONP2.AZ_20100519143928_EV,test,earthquake
B067.PB_20170723103714_EV,test,earthquake
B082.PB_20070603002133_EV,test,earthquake
MCAR.AK_20161124000847_EV,test,earthquake
B950.PB_20170706053759_EV,test,earthquake
SPCN.AV_20150129013035_EV,test,earthquake
B093.PB_20121122094234_EV,test,earthquake
B918.PB_20121213195018_EV,test,earthquake
NV31.IM_20160620082102_EV,test,earthquake
DIB.CN_20130315010416_EV,test,earthquake
B084.PB_20180624075743_EV,test,earthquake
B005.PB_20150306150816_EV,test,earthquake
JRC2.CI_20130728173145_EV,test,earthquake
YFT.SN_20160606164122_EV,test,earthquake
SIGR.HT_20080604185125_EV,test,earthquake
BTW.SN_20151021235038_EV,test,earthquake
N13A.TA_20080222161148_EV,test,earthquake
BLC.CI_20150706151701_EV,test,earthquake
YER.NN_20170603121753_EV,test,earthquake
NJQ.CI_20141205041051_EV,test,earthquake
GDXB.NC_20160624171013_EV,test,earthquake
OBSR.CC_20101119185104_EV,test,earthquake
LAKA.HA_20090427201023_EV,test,earthquake
PWL.AK_20170831113516_EV,test,earthquake
KLU.AK_20180406005158_EV,test,earthquake
SHP.NN_20160303112719_EV,test,earthquake
CMMT.TM_20110814083400_EV,test,earthquake
WPVZ.NZ_20100415131131_EV,test,earthquake
PAH.NN_20130812214511_EV,test,earthquake
GDXB.NC_20101106144845_EV,test,earthquake
GDXB.NC_20130611081403_EV,test,earthquake
GHO.AK_20170319061807_EV,test,earthquake
B086.PB_20150505141102_EV,test,earthquake
IDI.MN_20050614162735_EV,test,earthquake
B082.PB_20140116192158_EV,test,earthquake
AKUT.AT_20131028113240_EV,test,earthquake
N20K.TA_20171024102400_EV,test,earthquake
B067.PB_20160608140443_EV,test,earthquake
LHV.NN_20170414071441_EV,test,earthquake
B082.PB_20171210001059_EV,test,earthquake
KAN01.GS_20151012134814_EV,test,earthquake
CRY.AZ_20140515232534_EV,test,earthquake
B082.PB_20110420233922_EV,test,earthquake
GDXB.NC_20110515025634_EV,test,earthquake
B081.PB_20101122071410_EV,test,earthquake
CHUM.AK_20180424162147_EV,test,earthquake
EML.CI_20180422002426_EV,test,earthquake
O14K.TA_20180403140429_EV,test,earthquake
KTH.AK_20180328033511_EV,test,earthquake
KNK.AK_20171021072335_EV,test,earthquake
MSW.AV_20170603025513_EV,test,earthquake
KLU.AK_20170604184235_EV,test,earthquake
ID05.GS_20170913103421_EV,test,earthquake
B087.PB_20111215214625_EV,test,earthquake
BDM.BK_20130516024841_EV,test,earthquake
GDXB.NC_20160229235528_EV,test,earthquake
BOR.CI_20161026072554_EV,test,earthquake
NV31.IM_20120120120059_EV,test,earthquake
COLR.NN_20150101113335_EV,test,earthquake
CVRU.UU_20141214193244_EV,test,earthquake
B082.PB_20160907125310_EV,test,earthquake
SGR.SN_20170726052809_EV,test,earthquake
SPCR.AV_20121207102606_EV,test,earthquake
CLC.CI_20121206021344_EV,test,earthquake
GO02.C_20150112195216_EV,test,earthquake
MNAT.AV_20140730213726_EV,test,earthquake
B078.PB_20161031182605_EV,test,earthquake
BJOB.NC_20130522091659_EV,test,earthquake
BRU2.PA_20131011161122_EV,test,earthquake
BOR.CI_20160613104146_EV,test,earthquake
SAOF.FR_20010127212159_EV,test,earthquake
SKN.AK_20180407083845_EV,test,earthquake
PRN.NN_20140203054526_EV,test,earthquake
MESA.AK_20180219062022_EV,test,earthquake
AIND.HV_20150821200630_EV,test,earthquake
TBLG.GO_20130327212533_EV,test,earthquake
LUC2.CI_20160318071743_EV,test,earthquake
BRLK.AK_20170522185418_EV,test,earthquake
BWN.AK_20170507144638_EV,test,earthquake
B918.PB_20121123171550_EV,test,earthquake
TRF.AK_20180206205427_EV,test,earthquake
B207.PB_20180210190539_EV,test,earthquake
B084.PB_20151109144432_EV,test,earthquake
CWC.CI_20160207124352_EV,test,earthquake
BPAW.AK_20120607080412_EV,test,earthquake
TYM.SN_20160530083425_EV,test,earthquake
MCK.AK_20180426183020_EV,test,earthquake
EFP.HP_20120528154414_EV,test,earthquake
SSN.AK_20171029180920_EV,test,earthquake
B084.PB_20150120204355_EV,test,earthquake
B084.PB_20180622055319_EV,test,earthquake
CTC.CI_20160308022354_EV,test,earthquake
MOD.BK_20150128233433_EV,test,earthquake
SKN.AK_20120705022227_EV,test,earthquake
LEC.SN_20130324045845_EV,test,earthquake
OMMB.NN_20130718143654_EV,test,earthquake
WAT6.AK_20140725032240_EV,test,earthquake
B916.PB_20171206041931_EV,test,earthquake
B087.PB_20160117051803_EV,test,earthquake
CHUM.AK_20121102150154_EV,test,earthquake
GDXB.NC_20140327051247_EV,test,earthquake
KVN.NN_20180320073229_EV,test,earthquake
N13A.TA_20080225190141_EV,test,earthquake
GDXB.NC_20130418112051_EV,test,earthquake
B082.PB_20130910142516_EV,test,earthquake
GDXB.NC_20160618023315_EV,test,earthquake
I07A.TA_20080509001916_EV,test,earthquake
WVA.NN_20140119120410_EV,test,earthquake
VCN.NN_20120927045926_EV,test,earthquake
OK032.GS_20151103052508_EV,test,earthquake
UWE.HV_20180618204445_EV,test,earthquake
DNR.CI_20130821023517_EV,test,earthquake
SII.AK_20141119013115_EV,test,earthquake
B087.PB_20121008193445_EV,test,earthquake
GDXB.NC_20160127035748_EV,test,earthquake
LIA.HL_20150402072643_EV,test,earthquake
WES.CI_20111125022846_EV,test,earthquake
PWL.AK_20181206022243_EV,test,earthquake
FHO.CI_20130131122316_EV,test,earthquake
BBS.CI_20111229011202_EV,test,earthquake
ALP.CI_20160415213012_EV,test,earthquake
B082.PB_20110323152418_EV,test,earthquake
AKMO.AV_20161231044540_EV,test,earthquake
CRY.AZ_20150523085704_EV,test,earthquake
COLA.IU_20020406150725_EV,test,earthquake
TNS.GR_20000726122141_EV,test,earthquake
GDXB.NC_20130712080522_EV,test,earthquake
WAT4.AK_20121214202308_EV,test,earthquake
AAM1.ZQ_20070706162230_EV,test,earthquake
TWP.SN_20150603235315_EV,test,earthquake
JEM.CI_20140106151833_EV,test,earthquake
WESP.AV_20130424105655_EV,test,earthquake
BRIB.BK_20070703173235_EV,test,earthquake
B065.PB_20150826135941_EV,test,earthquake
BAR.CI_20120712232453_EV,test,earthquake
DESD.HV_20180721102721_EV,test,earthquake
CAST.AK_20170917181806_EV,test,earthquake
CUT.AK_20140713230137_EV,test,earthquake
LHV.NN_20150610004236_EV,test,earthquake
BCRT.ET_20180127190448_EV,test,earthquake
B084.PB_20161214100001_EV,test,earthquake
U32A.OK_20150412004219_EV,test,earthquake
B084.PB_20171027084829_EV,test,earthquake
TYM.SN_20170509091334_EV,test,earthquake
FID.AK_20101125090515_EV,test,earthquake
BAGL.AK_20180318142041_EV,test,earthquake
HUMO.BK_20130616090621_EV,test,earthquake
CHN.CI_20130317121632_EV,test,earthquake
B082.PB_20140801222044_EV,test,earthquake
B084.PB_20130813123620_EV,test,earthquake
KLU.AK_20110515040621_EV,test,earthquake
NEA2.AK_20161127103708_EV,test,earthquake
B086.PB_20080117103555_EV,test,earthquake
OHAK.AT_20110118012828_EV,test,earthquake
B011.PB_20150729052254_EV,test,earthquake
B093.PB_20111001102355_EV,test,earthquake
GO04.C_20131030092557_EV,test,earthquake
CCRK.UW_20120426070741_EV,test,earthquake
B084.PB_20080717005909_EV,test,earthquake
PYM3.NN_20140608022829_EV,test,earthquake
CTG.AK_20111029213455_EV,test,earthquake
B916.PB_20140729132114_EV,test,earthquake
B093.PB_20110508183858_EV,test,earthquake
BRLK.AK_20120223041822_EV,test,earthquake
B082.PB_20130719032651_EV,test,earthquake
PHRA.TM_20140509071246_EV,test,earthquake
GDXB.NC_20160609115815_EV,test,earthquake
OK032.GS_20150403090706_EV,test,earthquake
ARG.HL_20100808052415_EV,test,earthquake
B087.PB_20160126191102_EV,test,earthquake
LHV.NN_20160219031128_EV,test,earthquake
I23K.TA_20170912201310_EV,test,earthquake
SCM.AK_20171015005742_EV,test,earthquake
WRH.AK_20110829141536_EV,test,earthquake
HDA.AK_20110227180545_EV,test,earthquake
BBGB.NC_20110507005440_EV,test,earthquake
B082.PB_20111121055612_EV,test,earthquake
BJOB.NC_20151001140428_EV,test,earthquake
OK032.GS_20151017155245_EV,test,earthquake
B076.PB_20180104203036_EV,test,earthquake
ELS2.CI_20150331204703_EV,test,earthquake
GDXB.NC_20120620085631_EV,test,earthquake
B087.PB_20151014170524_EV,test,earthquake
B086.PB_20160503215854_EV,test,earthquake
B921.PB_20120811055723_EV,test,earthquake
GDXB.NC_20130508135541_EV,test,earthquake
M22K.TA_20180706020716_EV,test,earthquake
BZN.AZ_20120211024555_EV,test,earthquake
KVN.NN_20120405201831_EV,test,earthquake
BTW.SN_20151006102332_EV,test,earthquake
BOR.CI_20111111080801_EV,test,earthquake
ELS2.CI_20140817131820_EV,test,earthquake
AIND.HV_20160920141444_EV,test,earthquake
BTP.CI_20170320111436_EV,test,earthquake
BEK.NN_20160925090345_EV,test,earthquake
KAN14.GS_20160704154809_EV,test,earthquake
BPAW.AK_20130319150642_EV,test,earthquake
N20K.TA_20180425214138_EV,test,earthquake
B207.PB_20170702152706_EV,test,earthquake
ID09.GS_20171005215443_EV,test,earthquake
YER.NN_20140130130756_EV,test,earthquake
BEK.NN_20170215003234_EV,test,earthquake
O20K.TA_20171016110823_EV,test,earthquake
FRD.AZ_20111215023801_EV,test,earthquake
B918.PB_20111230194313_EV,test,earthquake
B201.PB_20130528083719_EV,test,earthquake
CWC.CI_20131010153629_EV,test,earthquake
CPCO.CC_20130412092816_EV,test,earthquake
GDXB.NC_20130726100623_EV,test,earthquake
GHO.AK_20170814135536_EV,test,earthquake
AAM1.ZQ_20090501212555_EV,test,earthquake
B093.PB_20110617132734_EV,test,earthquake
RDM.AZ_20131009095320_EV,test,earthquake
SERG.HP_20141130125514_EV,test,earthquake
CMB.BK_20140621002725_EV,test,earthquake
B084.PB_20111024113715_EV,test,earthquake
BTC.CI_20100408024759_EV,test,earthquake
DESD.HV_20161002050738_EV,test,earthquake
CAST.AK_20120622234304_EV,test,earthquake
KALE.HA_20090120233213_EV,test,earthquake
B082.PB_20160210052639_EV,test,earthquake
CRY.AZ_20160727131746_EV,test,earthquake
FRD.AZ_20150819220743_EV,test,earthquake
B087.PB_20110504143641_EV,test,earthquake
NV31.IM_20160731105916_EV,test,earthquake
B082.PB_20150309123041_EV,test,earthquake
RND.AK_20170103074108_EV,test,earthquake
KNW.AZ_20121211025304_EV,test,earthquake
GDXB.NC_20140218165821_EV,test,earthquake
B086.PB_20120516084154_EV,test,earthquake
B087.PB_20111223105745_EV,test,earthquake
PAH.NN_20180313092542_EV,test,earthquake
B087.PB_20111217050617_EV,test,earthquake
GDXB.NC_20130803044621_EV,test,earthquake
B082.PB_20130702210122_EV,test,earthquake
B921.PB_20130803154305_EV,test,earthquake
B082.PB_20171127075910_EV,test,earthquake
B203.PB_20111216192821_EV,test,earthquake
B087.PB_20111128093734_EV,test,earthquake
DANT.BK_20180423220943_EV,test,earthquake
TIM.SN_20171122150351_EV,test,earthquake
GDXB.NC_20120709194602_EV,test,earthquake
MKAR.KZ_20140320005913_EV,test,earthquake
RATT.UW_20140328130651_EV,test,earthquake
CJM.CI_20161013183523_EV,test,earthquake
OLP.CI_20140121060059_EV,test,earthquake
B086.PB_20150606023720_EV,test,earthquake
B086.PB_20080907203036_EV,test,earthquake
YER.NN_20160526074855_EV,test,earthquake
YFT.SN_20130706131920_EV,test,earthquake
KNW.AZ_20160904112136_EV,test,earthquake
GHO.AK_20120907110848_EV,test,earthquake
GDXB.NC_20150717221921_EV,test,earthquake
NIKH.AK_20120911165259_EV,test,earthquake
PRN.NN_20130109143956_EV,test,earthquake
BWN.AK_20121021093002_EV,test,earthquake
SKN.AK_20120413230409_EV,test,earthquake
BRLK.AK_20111120114811_EV,test,earthquake
GDXB.NC_20121026015829_EV,test,earthquake
TYM.SN_20160625044012_EV,test,earthquake
J05D.TA_20160807162429_EV,test,earthquake
CLC.CI_20170423031046_EV,test,earthquake
B012.PB_20140424032350_EV,test,earthquake
BJOB.NC_20170106004303_EV,test,earthquake
O02D.TA_20140123041104_EV,test,earthquake
B916.PB_20121029034250_EV,test,earthquake
B086.PB_20151222163729_EV,test,earthquake
SRV3.NN_20120303014334_EV,test,earthquake
BZN.AZ_20120405190118_EV,test,earthquake
SAO.BK_20130131011707_EV,test,earthquake
PAUD.HV_20180127061020_EV,test,earthquake
AHUD.HV_20180726231600_EV,test,earthquake
CCA.CI_20140701090451_EV,test,earthquake
I28M.TA_20180321114628_EV,test,earthquake
HMT2.CI_20150607020438_EV,test,earthquake
OKCSW.OK_20150308221454_EV,test,earthquake
RXH.CI_20120827073205_EV,test,earthquake
KAN12.GS_20150105190244_EV,test,earthquake
B082.PB_20180616234731_EV,test,earthquake
TVH2.NN_20110728121702_EV,test,earthquake
KAN05.GS_20141008071043_EV,test,earthquake
B082.PB_20180126215834_EV,test,earthquake
LHV.NN_20151004224149_EV,test,earthquake
KAN09.GS_20150503045130_EV,test,earthquake
B084.PB_20110207100306_EV,test,earthquake
YACT.UW_20110916193113_EV,test,earthquake
PIN.AK_20121121011004_EV,test,earthquake
GDXB.NC_20170920191101_EV,test,earthquake
STLK.AV_20180630024547_EV,test,earthquake
BBGB.NC_20161021223028_EV,test,earthquake
OK032.GS_20150417104236_EV,test,earthquake
B086.PB_20160416094116_EV,test,earthquake
STLK.AV_20181204023335_EV,test,earthquake
B087.PB_20120704090214_EV,test,earthquake
B081.PB_20121116180024_EV,test,earthquake
VTV.CI_20120314162155_EV,test,earthquake
B081.PB_20101118011932_EV,test,earthquake
UNV.AK_20120722061139_EV,test,earthquake
M23K.TA_20180127094117_EV,test,earthquake
P30M.TA_20180501134702_EV,test,earthquake
CHUM.AK_20110623030248_EV,test,earthquake
AGPR.PR_20130625020833_EV,test,earthquake
CPE.AZ_20130929160716_EV,test,earthquake
B921.PB_20110304125831_EV,test,earthquake
G29M.TA_20170908072419_EV,test,earthquake
NV31.IM_20160701050836_EV,test,earthquake
B916.PB_20121205192930_EV,test,earthquake
B900.PB_20150618210326_EV,test,earthquake
B918.PB_20110420060501_EV,test,earthquake
PER.CI_20130311163616_EV,test,earthquake
SPCP.AV_20180102210129_EV,test,earthquake
ADK.IU_20180115043630_NO,train,noise
HULI.BK_201808110612_NO,train,noise
HCAB.NC_200711210714_NO,train,noise
MB07.TX_20200315154130_NO,train,noise
JSFB.NC_201204201202_NO,train,noise
B035.PB_201204041556_NO,train,noise
MNTQ.CN_20180115003624_NO,train,noise
GO10.C_20180115002512_NO,train,noise
HTU.NC_200807300345_NO,train,noise
LBR.NC_201807180405_NO,train,noise
RDWB.AV_20180115083800_NO,train,noise
TTA.AT_20180115164224_NO,train,noise
PB12.TX_20200320012318_NO,train,noise
O03E.TA_201511260610_NO,train,noise
HCBB.NC_201711030832_NO,train,noise
IMBA.EC_20180115050100_NO,train,noise
GMR.NC_201801292048_NO,train,noise
MDW.UW_201801170005_NO,train,noise
AKS.AV_20180116212800_NO,train,noise
PS1A.AV_20180116222812_NO,train,noise
NFV.NC_200504140823_NO,train,noise
ANCK.AV_201703060929_NO,train,noise
BEL.CI_20180115110418_NO,train,noise
PB21.TX_20200317194424_NO,train,noise
BBGB.NC_201311241054_NO,train,noise
MCO.NC_201808281754_NO,train,noise
TRQ.CN_20180116124754_NO,train,noise
MDUB.KO_20180115130730_NO,train,noise
ACCN.LD_201306080130_NO,train,noise
A54.CN_20180115120718_NO,train,noise
AFI.IU_20180115204518_NO,train,noise
ADO.CI_20180115202830_NO,train,noise
FDF.G_20180115013512_NO,train,noise
CTAO.IU_20180115083512_NO,train,noise
A11.CN_20180116225448_NO,train,noise
WAKE.IU_20180115081124_NO,train,noise
NEA.NC_201605092326_NO,train,noise
MQ3P.NC_201004120456_NO,train,noise
AHUD.HV_201606201843_NO,train,noise
CAG.NC_200508250320_NO,train,noise
PB12.TX_20200322094924_NO,train,noise
AKHS.AV_201809251613_NO,train,noise
PAPH.CN_20180115064312_NO,train,noise
NCT.NC_201609170928_NO,train,noise
AC01.C1_20180116161836_NO,train,noise
CO05.C1_20180115011454_NO,train,noise
BSG.NC_201704111606_NO,train,noise
A21K.TA_201709112014_NO,train,noise
SNOW.IW_20180115110048_NO,train,noise
JELB.NC_200711091216_NO,train,noise
ACH.AV_201805032026_NO,train,noise
B072.PB_200906222116_NO,train,noise
WOLH.AU_20180115055412_NO,train,noise
AA12.GM_201804201249_NO,train,noise
BAGL.AK_20180116090634_NO,train,noise
PB11.TX_20200322025500_NO,train,noise
PNT.CN_20180115145354_NO,train,noise
TBO.CN_20180115182230_NO,train,noise
LCH.NN_201508152336_NO,train,noise
AKS.AV_20180116173412_NO,train,noise
PNT.CN_20180116063530_NO,train,noise
ARK1.7F_20100731013512_NO,train,noise
DANT.BK_201711022215_NO,train,noise
GCVB.NC_201110251838_NO,train,noise
CMK.NC_199510261728_NO,train,noise
WRKA.AU_20180115225736_NO,train,noise
ATD.G_20180115042230_NO,train,noise
BESE.AK_20180115045112_NO,train,noise
BAB.NN_201802100525_NO,train,noise
AKV.AV_201706100406_NO,train,noise
LIT.HT_20180116113859_NO,train,noise
PTTI.5H_20180115185030_NO,train,noise
NOUC.G_20180115000618_NO,train,noise
RIN.CI_201206151259_NO,train,noise
ALLY.LD_20180116123806_NO,train,noise
BZN.AZ_20180115070618_NO,train,noise
JGR.NC_201402271932_NO,train,noise
MDJ.IC_20180115131512_NO,train,noise
PAGB.NC_201311300507_NO,train,noise
ANON.AV_20180115080342_NO,train,noise
MLI.NC_201407281242_NO,train,noise
GO10.C_20180115013142_NO,train,noise
HTU.NC_200908310746_NO,train,noise
SN04.NC_201409121157_NO,train,noise
VLO.AC_20180115001318_NO,train,noise
CVL.NC_201701010946_NO,train,noise
HTU.NC_201709110427_NO,train,noise
MILA.AU_20180115051006_NO,train,noise
SHEP.BK_201805170035_NO,train,noise
MPM.CI_20180116000330_NO,train,noise
LSZ.IU_20180115083554_NO,train,noise
JGR.NC_201505010325_NO,train,noise
A21K.TA_201508051144_NO,train,noise
HTU.NC_201103040648_NO,train,noise
L02D.TA_201110181149_NO,train,noise
WOSB.CN_20180115053106_NO,train,noise
SADO.CN_20180115001236_NO,train,noise
ADK.IU_20180115044700_NO,train,noise
PALM.CC_20180115032012_NO,train,noise
CVL.NC_201707051451_NO,train,noise
TJX.BC_20180115024842_NO,train,noise
AAK.II_20180115043300_NO,train,noise
PB15.TX_20200316120511_NO,train,noise
MCO.NC_201509050305_NO,train,noise
CWF.GB_20180115054135_NO,train,noise
AKV.AV_201708231804_NO,train,noise
M02C.TA_201405060524_NO,train,noise
AMKA.AV_20180116032918_NO,train,noise
ANCK.AV_201712071902_NO,train,noise
MTOS.BK_201803082230_NO,train,noise
B086.PB_201508030806_NO,train,noise
ARK1.7F_20100726092042_NO,train,noise
AC07.GM_201710071051_NO,train,noise
RDJH.AV_20180115121748_NO,train,noise
PH008.SF_200804150859_NO,train,noise
PB11.TX_20200323011248_NO,train,noise
GDXB.NC_201601300341_NO,train,noise
YARR.AU_20180115094142_NO,train,noise
SLD.WR_201401160948_NO,train,noise
DAV.IU_20180115044948_NO,train,noise
AGG.HT_20180115174730_NO,train,noise
WMC.AZ_20180115051048_NO,train,noise
DANT.BK_201804141715_NO,train,noise
VNLC.4F_20180115025706_NO,train,noise
CAG.NC_200905111715_NO,train,noise
113A.AE_201709222135_NO,train,noise
AY01.C1_20180115190800_NO,train,noise
MAJO.IU_20180115102012_NO,train,noise
HOL.CI_201802281202_NO,train,noise
YUK5.CN_20180115042312_NO,train,noise
PB13.TX_20200323013800_NO,train,noise
ARK1.7F_20100726063448_NO,train,noise
VNLC.4F_20180115055330_NO,train,noise
LYN.CB_20180116204533_NO,train,noise
CAO.NC_201703080746_NO,train,noise
PB11.TX_20200322180130_NO,train,noise
GAMB.AK_20180115001812_NO,train,noise
LMC.NC_201309011102_NO,train,noise
BL67.BK_201301300915_NO,train,noise
PB12.TX_20200317013348_NO,train,noise
AC01.C1_201407262243_NO,train,noise
NMI.NC_200110262010_NO,train,noise
OXMT.BK_201303170606_NO,train,noise
TRIN.BK_201710040354_NO,train,noise
IGLA.EI_20180115020148_NO,train,noise
AUALB.S_201503061925_NO,train,noise
JSFB.NC_200301251712_NO,train,noise
ONI.GO_20180115043836_NO,train,noise
PNT.NN_201509161411_NO,train,noise
B078.PB_201208270145_NO,train,noise
CPX.BC_20180115184700_NO,train,noise
CAO.NC_201709091116_NO,train,noise
PDB.SC_20200315075848_NO,train,noise
COHC.EC_20180115075148_NO,train,noise
PB11.TX_20200322152730_NO,train,noise
ABPO.II_20180115141812_NO,train,noise
SOE.AF_20180115040748_NO,train,noise
PR03.CC_20180116125618_NO,train,noise
JAL.SC_20200316111118_NO,train,noise
AUWS.AV_20180116053848_NO,train,noise
SMM.CI_20180115083348_NO,train,noise
MQ2P.NC_200912281325_NO,train,noise
DCMP.BK_201708310226_NO,train,noise
ARK.KR_201306162107_NO,train,noise
319A.AE_20180116043836_NO,train,noise
833A.TA_201703011400_NO,train,noise
AA12.GM_201801290735_NO,train,noise
MLI.NC_201404180751_NO,train,noise
AC06.C1_20180115234554_NO,train,noise
DPD.PG_201504221631_NO,train,noise
TRIN.BK_201803010626_NO,train,noise
MT15.C1_20180115062706_NO,train,noise
MPM.CI_20180115054333_NO,train,noise
LMC.NC_201711021824_NO,train,noise
PAM.WR_201701291651_NO,train,noise
KPK.WR_201508251313_NO,train,noise
TBO.CN_20180115003500_NO,train,noise
AKH.GO_201308311254_NO,train,noise
B040.PB_201711132036_NO,train,noise
GMR.NC_201802020039_NO,train,noise
WAKE.IU_20180115125124_NO,train,noise
A54.CN_20180115182230_NO,train,noise
MG02.C1_20180115000659_NO,train,noise
ELFS.BK_200706012041_NO,train,noise
VOG.CI_20180115082236_NO,train,noise
JAL.SC_20200315031354_NO,train,noise
NFV.NC_201104071033_NO,train,noise
B065.PB_201507201759_NO,train,noise
FPAL.ET_20180115040830_NO,train,noise
FUNA.IU_20180115001112_NO,train,noise
PB11.TX_20200319215354_NO,train,noise
MDH.NC_201401221513_NO,train,noise
JLAB.NC_201102141434_NO,train,noise
B086.PB_201508161731_NO,train,noise
MALO.CN_20180116180626_NO,train,noise
AKV.AV_20180115173700_NO,train,noise
CVL.NC_201407181105_NO,train,noise
LBR.NC_201712301440_NO,train,noise
QLP.AU_20180115030654_NO,train,noise
BPRB.NC_201711191905_NO,train,noise
GUNB.GI_20180115023400_NO,train,noise
MT14.C1_20180115125742_NO,train,noise
JLAB.NC_200607160231_NO,train,noise
1831.NP_200410160432_NO,train,noise
MILA.AU_20180115145642_NO,train,noise
BOOM.KR_20180115061432_NO,train,noise
SWS.CI_20180115234142_NO,train,noise
B078.PB_200703151324_NO,train,noise
B935.PB_201602250707_NO,train,noise
MDH.NC_201604270619_NO,train,noise
ALF01.ON_201503260357_NO,train,noise
MUR.CI_20180115114824_NO,train,noise
PNT.NN_201110302019_NO,train,noise
JJO.NC_201211230939_NO,train,noise
PLA.NP_201706180455_NO,train,noise
A21K.TA_201804100122_NO,train,noise
PR04.CC_20180115004736_NO,train,noise
NFV.NC_200712180335_NO,train,noise
BIGH.GB_20180116013512_NO,train,noise
AHUD.HV_201207161117_NO,train,noise
ANCK.AV_201611030734_NO,train,noise
CRPB.NC_200911181010_NO,train,noise
POGA.AF_20180116172918_NO,train,noise
ANVS.KR_20180116204541_NO,train,noise
A61.CN_20180115183054_NO,train,noise
JSFB.NC_201206081015_NO,train,noise
MQ3P.NC_201004190804_NO,train,noise
DPQ.CN_20180115014624_NO,train,noise
GO08.C_20180115033742_NO,train,noise
PB12.TX_20200320165912_NO,train,noise
WENL.BK_201209090547_NO,train,noise
ARPS.AU_20180115071400_NO,train,noise
GDXB.NC_201112122220_NO,train,noise
CAO.NC_201801060359_NO,train,noise
LBR.NC_201712020703_NO,train,noise
AP01.C1_20180115081906_NO,train,noise
NGVB.NC_201711101121_NO,train,noise
GRBT.ET_20180115050142_NO,train,noise
BILL.IU_20180115024842_NO,train,noise
ARK2.7F_20100731025048_NO,train,noise
AKS.AV_20180115005518_NO,train,noise
ILON.CN_20180115053724_NO,train,noise
SALI.EC_20180115105512_NO,train,noise
JAL.SC_20200317045030_NO,train,noise
ANM.AK_201312300711_NO,train,noise
EORO.9F_20180115003418_NO,train,noise
PETY.BK_201805290008_NO,train,noise
AKS.AV_20180115013224_NO,train,noise
JRSC.BK_201106271035_NO,train,noise
FALS.AK_20180115005436_NO,train,noise
CCD.G_20180115063241_NO,validation,noise
BAIB.CN_20180115013430_NO,validation,noise
B065.PB_201202200928_NO,validation,noise
AY01.C1_20180115093730_NO,validation,noise
FDF.G_20180115120512_NO,validation,noise
MWC.CI_20180115154254_NO,validation,noise
AKUT.AT_20180115042600_NO,validation,noise
LLLB.CN_20180115183712_NO,validation,noise
MQ3P.NC_201003011607_NO,validation,noise
COLR.NN_201607140834_NO,validation,noise
CRPB.NC_201608280439_NO,validation,noise
WRKA.AU_20180115020354_NO,validation,noise
PB12.TX_20200316151536_NO,validation,noise
HFM.NC_199602181515_NO,validation,noise
NPOC.HV_20180115230354_NO,validation,noise
PB11.TX_20200318055536_NO,validation,noise
CAO.NC_201711281522_NO,validation,noise
ABPO.II_20180116065712_NO,validation,noise
A61.CN_20180116164842_NO,validation,noise
PB05.TX_20200315180006_NO,validation,noise
MNTQ.CN_20180115051048_NO,validation,noise
PR03.CC_20180116230024_NO,validation,noise
PB12.TX_20200324034154_NO,validation,noise
GURO.KO_20180115020930_NO,validation,noise
CADB.NC_200210261418_NO,validation,noise
PB12.TX_20200324191542_NO,validation,noise
GMR.NC_201712030043_NO,validation,noise
RDM.AZ_20180116214736_NO,validation,noise
A21K.TA_201502170013_NO,validation,noise
A21.CN_20180116235500_NO,validation,noise
B039.PB_201105172256_NO,validation,noise
DCMP.BK_201712130553_NO,validation,noise
EDM.CN_20180115011824_NO,validation,noise
A54.CN_20180115033906_NO,validation,noise
HDC.G_20180115032136_NO,validation,noise
PPTF.G_20180115220342_NO,validation,noise
CHR.NC_200904131046_NO,validation,noise
YSS.IU_20180115000618_NO,validation,noise
PLID.IW_20180115193354_NO,validation,noise
LBR.NC_201808190243_NO,validation,noise
ABTX.N4_201809130211_NO,validation,noise
HUMO.BK_201108100654_NO,validation,noise
DSP.NN_201607052340_NO,validation,noise
B058.PB_201101030826_NO,validation,noise
GMR.NC_201707021723_NO,validation,noise
B076.PB_200708260931_NO,validation,noise
GLA.CI_20180115073146_NO,validation,noise
GREG.5H_20180115155818_NO,validation,noise
PB12.TX_20200319125742_NO,validation,noise
SN05.NC_201409190455_NO,validation,noise
AKH.GO_201412241123_NO,test,noise
JAL.SC_20200315120306_NO,test,noise
AKBB.AV_20180116043342_NO,test,noise
BNAB.CN_20180115071112_NO,test,noise
AKH.GO_201610292019_NO,test,noise
PKLO.CN_20180116140906_NO,test,noise
PB11.TX_20200316104442_NO,test,noise
RCHB.BE_20180115064642_NO,test,noise
RPN.II_20180115000618_NO,test,noise
PAX.AK_20180115023606_NO,test,noise
L02E.TA_201410212140_NO,test,noise
PB21.TX_20200316040706_NO,test,noise
ORIO.CN_20180115070742_NO,test,noise
PB11.TX_20200317202830_NO,test,noise
AC04.C1_20180115181242_NO,test,noise
PB27.TX_20200317060400_NO,test,noise
B054.PB_201204070548_NO,test,noise
CAO.NC_201710030200_NO,test,noise
L02E.TA_201511111340_NO,test,noise
WAK.NN_201109101351_NO,test,noise
LBR.NC_201807301225_NO,test,noise
GCVB.NC_200804211616_NO,test,noise
ANNE.AV_20180115145848_NO,test,noise
GCVB.NC_200504152105_NO,test,noise
AP01.C1_20180115120100_NO,test,noise
CMGA.ET_20180115041324_NO,test,noise
DAWY.CN_20180115211606_NO,test,noise
OK038.GS_20180116232824_NO,test,noise
YUK4.CN_20180115020436_NO,test,noise
IZAB.GI_20180115012648_NO,test,noise
PB06.TX_20200316085818_NO,test,noise
LMC.NC_201405270722_NO,test,noise
COLD.AK_20180115092824_NO,test,noise
GBN.CN_20180115111448_NO,test,noise
HTU.NC_201008272208_NO,test,noise
CBSB.NC_201705181723_NO,test,noise
B932.PB_201604141743_NO,test,noise
SCZ.BK_201702040353_NO,test,noise
JAL.SC_20200321141812_NO,test,noise
WHAR.AG_20100728115730_NO,test,noise
OK035.GS_20180116205925_NO,test,noise
CTA.NC_200302041444_NO,test,noise
OBHB.NC_201805082141_NO,test,noise
JPC.NC_200906130748_NO,test,noise
DKL.KO_20180115085530_NO,test,noise
HCAB.NC_200907020907_NO,test,noise
LMC.NC_201101072047_NO,test,noise
AAK.II_20180115182024_NO,test,noise
BFSB.CN_20180115101600_NO,test,noise
MNRC.BK_201407222220_NO,test,noise
BAK.CI_20180115051500_NO,test,noise
TABL.AK_20180115162939_NO,test,noise
M02C.TA_201602250348_NO,test,noise
NMI.NC_201208180537_NO,test,noise
A64.CN_20180115125948_NO,test,noise
PB13.TX_20200323000536_NO,test,noise
JHS.JP_20180115051418_NO,test,noise
ISA.CI_20180115014542_NO,test,noise
VNLC.4F_20180115011000_NO,test,noise
ACCN.LD_201609041618_NO,test,noise
BSR.NC_201805150447_NO,test,noise
PB11.TX_20200321015818_NO,test,noise
HTU.NC_201408290320_NO,test,noise
ALF01.ON_201708170238_NO,test,noise
COLD.AK_20180115095830_NO,test,noise
MTOS.BK_201804162242_NO,test,noise
ESK.GB_20180115071854_NO,test,noise
ARK2.7F_20100730004448_NO,test,noise
DL2.CB_20180116200352_NO,test,noise
SHP.NN_201712260112_NO,test,noise
RCHB.BE_20180115075312_NO,test,noise
NTO.NC_201401220415_NO,test,noise
SMM.CI_20180115061554_NO,test,noise
WA2.UW_201712311216_NO,test,noise
PIX.BC_20180115230230_NO,test,noise
ARNL.EC_201703120808_NO,test,noise
A54.CN_20180116230312_NO,test,noise
RMX.BC_20180115055454_NO,test,noise
TMSP.AZ_20180115190842_NO,test,noise
PB15.TX_20200324125536_NO,test,noise
M02C.TA_201410131542_NO,test,noise
RABL.AU_20180115025624_NO,test,noise
WRKA.AU_20180115081948_NO,test,noise
VNLC.4F_20180115013100_NO,test,noise
QLP.AU_20180115023648_NO,test,noise
ANM.AK_201805131534_NO,test,noise
GO09.C_20180115010754_NO,test,noise
NHS.NC_201412260424_NO,test,noise
LDL.NC_201805231925_NO,test,noise
LRD.NC_201808210347_NO,test,noise
A21K.TA_201610201746_NO,test,noise
DANT.BK_201806031056_NO,test,noise
NGVB.NC_201004040633_NO,test,noise
NCC.NC_201105110653_NO,test,noise
LBR.NC_201712061108_NO,test,noise
GRA1.GR_20180115045812_NO,test,noise
ARK1.7F_20100726113506_NO,test,noise
WHAT2.9F_20180116162206_NO,test,noise
113A.AE_201506070350_NO,test,noise
CAL.NC_201001282216_NO,test,noise
NFK.AU_20180115001030_NO,test,noise
GMN.NN_201803191410_NO,test,noise
JJO.NC_200610031450_NO,test,noise
B046.PB_201405171840_NO,test,noise
NLLB.CN_20180115000330_NO,test,noise
FORK.5H_20180115125412_NO,test,noise
MOKD.HV_20180115023854_NO,test,noise
NOUC.G_20180115121830_NO,test,noise
PRCT.AE_20180115142306_NO,test,noise
PSAB1.AU_20180116074612_NO,test,noise
JFP.NC_201203141739_NO,test,noise
B049.PB_201803260421_NO,test,noise
PNT.NN_201507152233_NO,test,noise
BRNJ.LD_20180115042806_NO,test,noise
DTP.CI_201808290813_NO,test,noise
AKS.AV_20180116213006_NO,test,noise
MPK.NN_201512161805_NO,test,noise
CWF.GB_20180115043505_NO,test,noise
SDDR.CU_20180115180418_NO,test,noise
ANM.AK_201206210010_NO,test,noise
RUB.NN_201308170737_NO,test,noise
GDXB.NC_201808192255_NO,test,noise
CVL.NC_201511031650_NO,test,noise
PAGB.NC_201803050101_NO,test,noise
LBR.NC_201805050701_NO,test,noise
GAXB.NC_201311131232_NO,test,noise
ARSB.KR_201711182122_NO,test,noise
L02E.TA_201503310444_NO,test,noise
CHUM.AK_20180115064148_NO,test,noise
MDH.NC_201507211042_NO,test,noise
WHAR.AG_20100723030736_NO,test,noise
ASBU.CC_201601292202_NO,test,noise
LL05.C1_20180115014624_NO,test,noise
HTU.NC_201112282103_NO,test,noise
NFV.NC_200903142142_NO,test,noise
BAR.CI_20180115020600_NO,test,noise
GDXB.NC_201802150510_NO,test,noise
PB12.TX_20200323124918_NO,test,noise
GMR.NC_201808011658_NO,test,noise
AA12.GM_201709140807_NO,test,noise
AU22.AV_201310031056_NO,test,noise
OBHB.NC_201707271935_NO,test,noise
JAL.SC_20200318211030_NO,test,noise
ARNL.EC_201610180506_NO,test,noise
MANU.AU_20180115022948_NO,test,noise
ADO.CI_20180115210454_NO,test,noise
BRNJ.LD_20180115204600_NO,test,noise
AP01.C1_20180115071400_NO,test,noise
JMP.NC_199402031545_NO,test,noise
PNT.NN_201309142042_NO,test,noise
CUT.AK_20180115064642_NO,test,noise
ACH.AV_201803032343_NO,test,noise
CCD.G_20180115052735_NO,test,noise
PB12.TX_20200315111324_NO,test,noise
833A.TA_201601260006_NO,test,noise
PB07.TX_20200315110954_NO,test,noise
AIND.HV_20180115082400_NO,test,noise
PB21.TX_20200317135918_NO,test,noise
BEL.CI_20180115120430_NO,test,noise
AIND.HV_20180115065342_NO,test,noise
MNTQ.CN_20180115143830_NO,test,noise
MDY.NC_201604231942_NO,test,noise
TEBE.AF_20180115053312_NO,test,noise
OMMB.NN_201612270707_NO,test,noise
MDH.NC_201406301324_NO,test,noise
DAN.CI_20180115082400_NO,test,noise
VABB.BL_20180115015530_NO,test,noise
BSR.NC_201802271056_NO,test,noise
MDY.NC_201802211702_NO,test,noise
DANT.BK_201801201536_NO,test,noise
CVP.NC_199505301748_NO,test,noise
JFP.NC_200704050221_NO,test,noise
NRN.KR_20180115033248_NO,test,noise
PB12.TX_20200319175924_NO,test,noise
JLAB.NC_201005091253_NO,test,noise
DYA.GB_20180115070742_NO,test,noise
ULN.IU_20180115081412_NO,test,noise
SN09.NC_201409151139_NO,test,noise
JJO.NC_200204090210_NO,test,noise
HATC.BK_200605251023_NO,test,noise
MCO.NC_201505071329_NO,test,noise
DANT.BK_201808101758_NO,test,noise
RMX.BC_20180115085118_NO,test,noise
AHUD.HV_201201050049_NO,test,noise
OK052.GS_20180115003212_NO,test,noise
LRVA.ET_20180115145600_NO,test,noise
ABPO.II_20180116141442_NO,test,noise
ATKO.CN_20180115073748_NO,test,noise
RCGA.ET_20180115022248_NO,test,noise
PB13.TX_20200318100612_NO,test,noise
PTTI.5H_20180115195700_NO,test,noise
PTTI.5H_20180116122324_NO,test,noise
BIGH.GB_20180116141442_NO,test,noise
AHUD.HV_201710021430_NO,test,noise
PB11.TX_20200321170448_NO,test,noise
DANT.BK_201707150730_NO,test,noise
KNDC.KZ_20180115032918_NO,test,noise
HUAD.HV_20180115065054_NO,test,noise
AC04.C1_201511011355_NO,test,noise
YARR.AU_20180115060606_NO,test,noise
PB27.TX_20200317230518_NO,test,noise
GAXB.NC_201412260107_NO,test,noise
FITZ.AU_20180116120512_NO,test,noise
NV31.IM_20180115064600_NO,test,noise
TONTO.AE_20180115155200_NO,test,noise
NAUS.2H_20180115012730_NO,test,noise
BRNY.LD_20180116092248_NO,test,noise
ALLY.LD_20180115141854_NO,test,noise
BAR.CI_20180116045318_NO,test,noise
CAL.NC_201610290756_NO,test,noise
VTX.BC_20180115024430_NO,test,noise
PETY.BK_201802100745_NO,test,noise
TUC.IU_20180115081127_NO,test,noise
ANTS.EC_20180115114742_NO,test,noise
WANG.K5_20180115012648_NO,test,noise
HTU.NC_201603301935_NO,test,noise
JRSC.BK_201503310656_NO,test,noise
PPD.AK_20180115205136_NO,test,noise
LL05.C1_20180115064024_NO,test,noise
ANON.AV_20180116020312_NO,test,noise
DRV.G_20180115001030_NO,test,noise
LL02.C1_20180115140124_NO,test,noise
JAL.SC_20200320045112_NO,test,noise
CAG.NC_201612250834_NO,test,noise
LL05.C1_20180115053518_NO,test,noise
MB02.TX_20200315045648_NO,test,noise
SCZ.BK_201507051119_NO,test,noise
MENT.AT_20180115033454_NO,test,noise
ASNY.LD_201610052226_NO,test,noise
DRLN.CN_20180115104112_NO,test,noise
PUYO.EC_20180115023154_NO,test,noise
DBO.UO_201807150924_NO,test,noise
OSI.CI_20180115092412_NO,test,noise
CBSB.NC_201702202111_NO,test,noise
GDXB.NC_201402130432_NO,test,noise
JRSC.BK_201802162159_NO,test,noise
ETT.ET_20180115045236_NO,test,noise
JSFB.NC_200810081122_NO,test,noise
LMC.NC_201201310230_NO,test,noise
W13A.AE_20180115082606_NO,test,noise
PCHB.NC_200405212244_NO,test,noise
SJC.NN_201805311201_NO,test,noise
CMLP.NC_201512020604_NO,test,noise
GMR.NC_201801120422_NO,test,noise
AU22.AV_201408110529_NO,test,noise
AHUD.HV_201507040146_NO,test,noise
PB13.TX_20200320225118_NO,test,noise
CBSB.NC_201711040217_NO,test,noise
CVL.NC_201403290817_NO,test,noise
JGR.NC_201107061917_NO,test,noise
CAG.NC_200609190429_NO,test,noise
PMNB.BL_20180115144818_NO,test,noise
KPK.WR_201509271147_NO,test,noise
AHUD.HV_201407131126_NO,test,noise
PB11.TX_20200320015900_NO,test,noise
NCT.NC_201607290655_NO,test,noise
TARG.KC_20180115052900_NO,test,noise
N02D.TA_201108311046_NO,test,noise
GLA.CI_20180115004258_NO,test,noise
ABKAR.KZ_201309191439_NO,test,noise
PB11.TX_20200317103536_NO,test,noise
PB15.TX_20200318193642_NO,test,noise
AKH.GO_201210161723_NO,test,noise
HTU.NC_201302171501_NO,test,noise
DBO.UO_201808300915_NO,test,noise
PSAB.NC_201709281038_NO,test,noise
PB13.TX_20200318064230_NO,test,noise
VA06.C1_20180115010342_NO,test,noise
158A.TA_201501250247_NO,test,noise
JHU.NC_200504040911_NO,test,noise
NHS.NC_201602231805_NO,test,noise
OK035.GS_20180115181448_NO,test,noise
AKUT.AT_200708111810_NO,test,noise
BAK.CI_20180115054054_NO,test,noise
PB13.TX_20200322085530_NO,test,noise
B058.PB_201406200004_NO,test,noise
B932.PB_201608241008_NO,test,noise
CRPB.NC_201212071950_NO,test,noise
CMAS.CA_20180116101230_NO,test,noise
WOLH.AU_20180116183218_NO,test,noise
OK029.GS_20180115012936_NO,test,noise
NPOC.HV_20180116010300_NO,test,noise
RIV.AU_20180115073748_NO,test,noise
OK033.GS_20180116150012_NO,test,noise
RDJH.AV_20180115091218_NO,test,noise
113A.AE_20180115174030_NO,test,noise
MNRC.BK_201502160929_NO,test,noise
PB14.TX_20200402224500_NO,test,noise
TRIN.BK_201712132223_NO,test,noise
GDXB.NC_201101140818_NO,test,noise
FNSB.CN_20180115011206_NO,test,noise
AKH.GO_201407080206_NO,test,noise
KIDD.EP_20180115185400_NO,test,noise
ARK1.7F_20100724212224_NO,test,noise
KOM.NC_201807212223_NO,test,noise
ASNY.LD_201702071828_NO,test,noise
SBC.CI_20180115051254_NO,test,noise
JAR.NC_201606290914_NO,test,noise
CTAO.IU_20180115092124_NO,test,noise
O03E.TA_201509231458_NO,test,noise
RDWB.AV_20180115021506_NO,test,noise
WAK.NN_201407301305_NO,test,noise
MDPB.NC_201704181209_NO,test,noise
ARK1.7F_20100727212718_NO,test,noise
DANT.BK_201801162359_NO,test,noise
DCMP.BK_201808201557_NO,test,noise
BL67.BK_201301070614_NO,test,noise
BAK.CI_20180115124136_NO,test,noise
GO04.C_20180115145148_NO,test,noise
ANGG.DK_20180115233524_NO,test,noise
CPCO.CC_20180115141442_NO,test,noise
BO04.C1_20180115064436_NO,test,noise
TRIS.G_20180115032630_NO,test,noise
AHUD.HV_201207272340_NO,test,noise
WESP.AV_20180115143212_NO,test,noise
TRIN.BK_201711160258_NO,test,noise
WENL.BK_201308311110_NO,test,noise
LBR.NC_201804070522_NO,test,noise
VA05.C1_20180115054300_NO,test,noise
PB11.TX_20200321232124_NO,test,noise
KVN.NN_201410110712_NO,test,noise
LDL.NC_201712180724_NO,test,noise
CMSB.BK_201712270752_NO,test,noise
HSSD.HV_20180115013430_NO,test,noise
HOL.CI_201512211021_NO,test,noise
GCVB.NC_201305101728_NO,test,noise
LMC.NC_201008110646_NO,test,noise
ATD.G_20180115120554_NO,test,noise
AKUT.AT_200802020300_NO,test,noise
MDY.NC_201503291947_NO,test,noise
NBC4.CN_20180115085612_NO,test,noise
ARK2.7F_20100725145436_NO,test,noise
VAK.BK_201702251401_NO,test,noise
LDL.NC_201808181457_NO,test,noise
PIX.BC_20180116000454_NO,test,noise
RYN.NN_201601201350_NO,test,noise
WHAR.AG_20100723040006_NO,test,noise
AUWS.AV_20180115040254_NO,test,noise
CTA.AU_20180115090024_NO,test,noise
RDJH.AV_20180115112024_NO,test,noise
GDXB.NC_200906232127_NO,test,noise
ARK2.7F_20100729211606_NO,test,noise
A54.CN_20180115160436_NO,test,noise
LRW.GB_20180116003254_NO,test,noise
AC04.C1_201705270552_NO,test,noise
CMLP.NC_201707101251_NO,test,noise
CIHL.CC_20180115115030_NO,test,noise
ALLY.LD_20180115205054_NO,test,noise
U40A.AG_20180115095542_NO,test,noise
A11.CN_20180116201636_NO,test,noise
CO01.C1_20180115025006_NO,test,noise
CORI.CA_20180116003130_NO,test,noise
CHEG.CN_20180116014130_NO,test,noise
VAK.BK_201309081954_NO,test,noise
ARK2.7F_20100725021218_NO,test,noise
UBRB.CN_20180115225514_NO,test,noise
JFP.NC_200610160800_NO,test,noise
MCY.NC_201410182343_NO,test,noise
PHL.CI_20180115004530_NO,test,noise
KILO.CN_20180115130940_NO,test,noise
PB11.TX_20200318171806_NO,test,noise
BCRT.ET_20180115140330_NO,test,noise
CPE.AZ_20180115091342_NO,test,noise
PETY.BK_201801200655_NO,test,noise
GOOD.5H_20180115023524_NO,test,noise
AHB.AV_201809051128_NO,test,noise
ABD.WI_201311070035_NO,test,noise
JLAB.NC_201607021715_NO,test,noise
ANM.AK_201802110724_NO,test,noise
LDL.NC_201802191500_NO,test,noise
RED.AV_20180115095130_NO,test,noise
ACH.AV_201807071028_NO,test,noise
1831.NP_200412040840_NO,test,noise
KOM.NC_201701302358_NO,test,noise
CMB.BK_20180115005930_NO,test,noise
B040.PB_201502281403_NO,test,noise
ONI.GO_20180115115112_NO,test,noise
MNRC.BK_201402051114_NO,test,noise
B900.PB_200906142301_NO,test,noise
CRAG.AT_20180115044042_NO,test,noise
PAM.WR_201707201931_NO,test,noise
ANGG.DK_20180115122448_NO,test,noise
A54.CN_20180115201348_NO,test,noise
ANON.AV_20180115101148_NO,test,noise
WRKA.AU_20180115014912_NO,test,noise
DSP.NN_201707310132_NO,test,noise
A54.CN_20180116205548_NO,test,noise
JSFB.NC_200612300853_NO,test,noise
ILON.CN_20180115033124_NO,test,noise
PB11.TX_20200322190718_NO,test,noise
LTC.NC_201204251517_NO,test,noise
PIX.BC_20180115144200_NO,test,noise
CML.NC_201708222124_NO,test,noise
CRPB.NC_201101041037_NO,test,noise
HYS.CI_201712081639_NO,test,noise
B057.PB_201505140751_NO,test,noise
SLD.WR_201709120246_NO,test,noise
B075.PB_201603232243_NO,test,noise
CRH.NC_200712190952_NO,test,noise
O03E.TA_201311261318_NO,test,noise
BBGB.NC_201301251421_NO,test,noise
CTC.NN_201504271054_NO,test,noise
OAT.CI_201508212117_NO,test,noise
AHUD.HV_201308061607_NO,test,noise
PB21.TX_20200315141442_NO,test,noise
NFK.AU_20180115014748_NO,test,noise
PNT.CN_20180115210536_NO,test,noise
K04D.TA_201112011452_NO,test,noise
A21K.TA_201502271515_NO,test,noise
AKHS.AV_201809080802_NO,test,noise
FYU.AK_20180115193354_NO,test,noise
ACCN.LD_201207191325_NO,test,noise
BSR.NC_201702152125_NO,test,noise
ACH.AV_201803010451_NO,test,noise
VCES.EC_20180115025336_NO,test,noise
OK052.GS_20180115184330_NO,test,noise
BAR.CI_20180115063118_NO,test,noise
PB15.TX_20200325033412_NO,test,noise
ELSH.GB_20180116075024_NO,test,noise
QSM.NN_201603032229_NO,test,noise
DCMP.BK_201803110926_NO,test,noise
SOF.CI_201304010644_NO,test,noise
MT13.C1_20180115130935_NO,test,noise
SIT.AT_20180115024842_NO,test,noise
MALO.CN_20180116160026_NO,test,noise
B901.PB_201502161051_NO,test,noise
MG01.C1_20180115160312_NO,test,noise
AHUD.HV_201407100648_NO,test,noise
GCVB.NC_200907070236_NO,test,noise
BSG.NC_201804131808_NO,test,noise
DAWY.CN_20180115183712_NO,test,noise
VOG.CI_20180115185606_NO,test,noise
OBN.II_20180115103824_NO,test,noise
AUCH.AV_20180115183630_NO,test,noise
HATC.BK_200601061159_NO,test,noise
PETF.GI_20180115033454_NO,test,noise
RAO.IU_20180115231839_NO,test,noise
MDY.NC_201506021307_NO,test,noise
VBB1.4F_20180115001400_NO,test,noise
MALO.CN_20180116220426_NO,test,noise
PMNB.BL_20180115033906_NO,test,noise
BI05.C1_20180115015736_NO,test,noise
MALO.CN_20180116160150_NO,test,noise
VAK.BK_201505230421_NO,test,noise
PUK.AC_20180115045524_NO,test,noise
ANM.AK_201510132236_NO,test,noise
BPRB.NC_201807300455_NO,test,noise
M02C.TA_201207291728_NO,test,noise
JLAB.NC_200606171609_NO,test,noise
DEC.CI_20180115042106_NO,test,noise
CAO.NC_201807312228_NO,test,noise
JPC.NC_201302140023_NO,test,noise
SN05.NC_201409300904_NO,test,noise
DRLN.CN_20180116071812_NO,test,noise
AMC.GL_20180115041406_NO,test,noise
MDPB.NC_201509161815_NO,test,noise
SCOT.BK_201802130434_NO,test,noise
PB27.TX_20200317174648_NO,test,noise
LBR.NC_201807191544_NO,test,noise
SMCO.IW_20180115040706_NO,test,noise
DSP.NN_201604170104_NO,test,noise
COYC.G_20180115082154_NO,test,noise
MID.AT_20180115201636_NO,test,noise
HCAB.NC_200801121752_NO,test,noise
TIN.CI_20180115205836_NO,test,noise
ARSB.KR_201401012146_NO,test,noise
ATD.G_20180115025500_NO,test,noise
KILO.CN_20180115033128_NO,test,noise
JAL.SC_20200321110254_NO,test,noise
PHL.CI_20180115031642_NO,test,noise
PB19.TX_20200315011948_NO,test,noise
O03E.TA_201405041557_NO,test,noise
N02D.TA_201109221557_NO,test,noise
AA12.GM_201801041350_NO,test,noise
O03E.TA_201405170341_NO,test,noise
LHV.NN_201402070500_NO,test,noise
VNNF.AV_20180115210742_NO,test,noise
QSM.NN_201605200454_NO,test,noise
PB11.TX_20200321023524_NO,test,noise
X40A.AG_20180115145518_NO,test,noise
MT14.C1_20180115131636_NO,test,noise
INK.CN_20180115085736_NO,test,noise
AC04.C1_20180115234142_NO,test,noise
H09W1.IM_20180115004036_NO,test,noise
PB15.TX_20200320110706_NO,test,noise
B047.PB_201106250925_NO,test,noise
ACH.AV_201711122250_NO,test,noise
YUK5.CN_20180115025706_NO,test,noise
PB11.TX_20200318211730_NO,test,noise
Y14A.AE_20180115143254_NO,test,noise
DSP.NN_201807061125_NO,test,noise
GWY.NN_201802011012_NO,test,noise
GO10.C_20180115132624_NO,test,noise
MDH.NC_201801151757_NO,test,noise
BAR.CI_20180115022700_NO,test,noise
POCR2.9F_20180115044330_NO,test,noise
319A.AE_20180116123518_NO,test,noise
OKCE.AV_20180116115130_NO,test,noise
CHR.NC_201606010342_NO,test,noise
VALP.4F_20180115001812_NO,test,noise
